{"Materials":232.0,"Postion":{"x":-107.19296264648438,"y":0.039691925048828128,"z":68.3948974609375},"White":{"x":1.0699996948242188,"y":1.0526000261306763,"z":-14.130001068115235}}